date,home_team,away_team,home_shots_target,away_shots_target,season,target,home_goals_avg,home_goals_conceded_avg,home_form,home_days_rest,away_goals_avg,away_goals_conceded_avg,away_form,away_days_rest,home_rang,away_rang,h2h_home_win_rate,h2h_draw_rate,h2h_n_matches,home_rank_norm,away_rank_norm,classement_diff,goals_diff,defense_diff,form_diff,fatigue_diff,home_attack_vs_away_def,away_attack_vs_home_def,y_true,y_pred,correct,prob_dom,prob_nul,prob_ext,confidence,error
2023-11-25,Clermont,Lens,4.0,10.0,2324,0,0.6149165092300823,0.831129095255365,9.0,13.0,1.0650488047816271,0.6324834383852554,15.0,13.0,4,3,0.0,0.25,4,0.1578947368421052,0.1052631578947368,-0.0526315789473684,-0.4501322955515447,-0.1986456568701096,-6.0,0.0,0.972225471705596,1.2814481057896188,0,0,True,0.1821985,0.11214034,0.7056612,0.7056612,False
2023-11-25,Strasbourg,Marseille,7.0,3.0,2324,1,0.6361383800401355,1.3243592409752811,9.0,20.0,0.8618281112729983,1.135137900108072,10.0,13.0,2,1,0.0,0.4545454545454545,11,0.0526315789473684,0.0,-0.0526315789473684,-0.2256897312328628,-0.189221340867209,-1.0,-7.0,0.5604062554686714,0.6507510081919564,1,2,False,0.50161815,0.22935437,0.26902747,0.50161815,True
2023-11-26,Nantes,Le Havre,3.0,0.0,2324,1,1.395458270780328,1.9582679988296825,14.0,14.0,0.7567881844348571,0.8222608167342504,14.0,15.0,6,12,0.45,0.26,0,0.2631578947368421,0.5789473684210527,0.3157894736842105,0.638670086345471,-1.1360071820954318,0.0,1.0,1.697099317370648,0.3864579234747928,1,1,True,0.4820399,0.494262,0.023698106,0.494262,False
2023-11-26,Lyon,Lille,5.0,8.0,2324,0,0.8847730128701364,1.5464802911708435,7.0,14.0,1.1502770613259412,0.8022546891895079,16.0,14.0,1,3,0.125,0.4375,16,0.0,0.1052631578947368,0.1052631578947368,-0.2655040484558048,-0.7442256019813358,-9.0,0.0,1.102858013536816,0.7438032465677683,0,0,True,0.09304902,0.23703288,0.6699181,0.6699181,False
2023-11-26,Rennes,Reims,5.0,5.0,2324,2,0.8748374272878113,1.436805620166605,8.0,14.0,1.203776332569703,1.294858059096778,17.0,15.0,4,7,0.25,0.25,12,0.1578947368421052,0.3157894736842105,0.1578947368421052,-0.3289389052818917,-0.1419475610698271,-9.0,1.0,0.6756241899579711,0.8378143262204939,2,1,False,0.2645874,0.45011997,0.28529257,0.45011997,True
2023-11-26,Nice,Toulouse,3.0,3.0,2324,2,1.0474651140133402,0.1468696660597063,24.0,16.0,0.9901323427693892,1.4299783657445608,8.0,14.0,2,8,0.4166666666666667,0.4166666666666667,12,0.0526315789473684,0.3684210526315789,0.3157894736842105,0.0573327712439509,1.2831086996848544,16.0,-2.0,0.7325041686682765,3.300441142564631,2,1,False,0.41497022,0.44038516,0.14464459,0.44038516,True
2023-11-26,Montpellier,Brest,5.0,5.0,2324,0,1.1424972892256933,1.1327739588618522,12.0,16.0,0.7611007040456484,1.231157757196178,12.0,21.0,5,11,0.5714285714285714,0.2857142857142857,7,0.2105263157894736,0.5263157894736842,0.3157894736842105,0.3813965851800448,0.0983837983343258,0.0,5.0,0.9279861029569444,0.6718910671378426,0,2,False,0.39878598,0.29061127,0.31060272,0.39878598,True
2023-11-26,Lorient,Metz,5.0,5.0,2324,0,1.1556348230136333,1.7766018555836849,9.0,14.0,0.9758086021251636,1.1020586238696073,12.0,14.0,9,10,0.5,0.1666666666666666,6,0.4210526315789473,0.4736842105263157,0.0526315789473684,0.1798262208884695,-0.6745432317140774,-3.0,0.0,1.0486146544145776,0.5492556472674468,0,1,False,0.3238317,0.39329043,0.28287783,0.39329043,True
2023-11-29,Montpellier,Clermont,10.0,1.0,2324,1,0.9676455804668352,1.426564549533193,9.0,3.0,0.5534248583070741,1.1015501790085915,9.0,4.0,1,2,0.5,0.25,4,0.0,0.0526315789473684,0.0526315789473684,0.414220722159761,-0.3250143705246013,0.0,1.0,0.8784398558563422,0.3879423882278361,1,2,False,0.85060036,0.13689253,0.012507112,0.85060036,True
2023-12-01,Reims,Strasbourg,4.0,3.0,2324,2,1.0763307127552066,1.5724402397446269,14.0,5.0,0.7260585353148848,1.1848553303202272,10.0,6.0,1,2,0.3,0.4,10,0.0,0.0526315789473684,0.0526315789473684,0.3502721774403218,-0.3875849094243995,4.0,1.0,0.9084068621814868,0.4617399866546285,2,2,True,0.4769596,0.2999061,0.2231343,0.4769596,False
2023-12-02,Lens,Lyon,7.0,7.0,2324,2,1.3656119108609903,0.4086331147104409,18.0,7.0,0.7427617183043599,1.4847642754962334,7.0,6.0,4,1,0.1666666666666666,0.3333333333333333,6,0.1578947368421052,0.0,-0.1578947368421052,0.6228501925566304,1.0761311607857924,11.0,-1.0,0.9197499787665484,1.817673829079378,2,2,True,0.35385907,0.32366517,0.32247576,0.35385907,False
2023-12-02,Nantes,Nice,4.0,6.0,2324,2,1.0953104638660067,1.6018392191104251,14.0,6.0,1.096252595890769,0.1321826994537357,26.0,6.0,3,2,0.2,0.3333333333333333,15,0.1052631578947368,0.0526315789473684,-0.0526315789473684,-0.0009421320247622,-1.4696565196566895,-12.0,0.0,3.651034879553356,0.6843711795866556,2,0,False,0.073107086,0.46022004,0.46667293,0.46667293,True
2023-12-03,Lille,Metz,6.0,4.0,2324,2,1.2887833484721103,0.5078932471555053,19.0,7.0,1.2852957284701731,1.2989207480401723,12.0,7.0,4,9,0.4444444444444444,0.3333333333333333,9,0.1578947368421052,0.4210526315789473,0.2631578947368421,0.0034876200019371,0.791027500884667,7.0,0.0,0.9921955211021476,2.530641499308308,2,2,True,0.4219098,0.4141529,0.16393732,0.4219098,False
2023-12-03,Toulouse,Lorient,6.0,5.0,2324,1,0.8911191084924504,1.333446535891342,8.0,7.0,1.133003354154744,2.0060096565828425,6.0,7.0,7,8,0.3333333333333333,0.5,6,0.3157894736842105,0.3684210526315789,0.0526315789473684,-0.2418842456622936,0.6725631206915006,2.0,0.0,0.4442247351941646,0.849680376122008,1,2,False,0.39919546,0.37687674,0.22392781,0.39919546,True
2023-12-03,Marseille,Rennes,2.0,0.0,2324,2,0.8221113068669356,1.0680901168185022,10.0,8.0,1.140887677837793,1.3395910648711815,10.0,7.0,3,5,0.4375,0.25,16,0.1052631578947368,0.2105263157894736,0.1052631578947368,-0.3187763709708574,0.2715009480526793,0.0,-1.0,0.6137031878052963,1.068156759315526,2,1,False,0.41881916,0.5493218,0.031859048,0.5493218,True
2023-12-03,Brest,Clermont,7.0,1.0,2324,2,1.0385246269198467,1.20804198147656,12.0,7.0,0.6516163657551297,1.0913951611077324,10.0,4.0,10,11,0.75,0.25,4,0.4736842105263157,0.5263157894736842,0.0526315789473684,0.386908261164717,-0.1166468203688275,2.0,-3.0,0.9515569281668578,0.5393987756606563,2,2,True,0.7593329,0.21949558,0.02117152,0.7593329,False
2023-12-03,Le Havre,Paris SG,7.0,5.0,2324,0,0.5740413794338455,0.6329667485032995,14.0,7.0,3.129110907848515,0.8793371003839237,25.0,9.0,12,1,0.45,0.26,0,0.5789473684210527,0.0,-0.5789473684210527,-2.5550695284146694,0.2463703518806241,-11.0,2.0,0.6528115090142514,4.943562857365806,0,1,False,0.2715811,0.56127524,0.16714361,0.56127524,True
2023-12-03,Monaco,Montpellier,9.0,4.0,2324,2,1.584653345205501,1.5517225196033313,17.0,9.0,0.9708810224201516,1.276840108022348,10.0,4.0,2,6,0.5,0.25,16,0.0526315789473684,0.2631578947368421,0.2105263157894736,0.6137723227853492,-0.2748824115809833,7.0,-5.0,1.2410742231929994,0.6256795336503457,2,2,True,0.78705835,0.164586,0.048355628,0.78705835,False
2023-12-06,Marseille,Lyon,5.0,1.0,2324,2,0.939900176180242,0.961281105136652,10.0,3.0,0.9755535330314498,1.7968898277828986,6.0,4.0,2,1,0.2,0.3333333333333333,15,0.0526315789473684,0.0,-0.0526315789473684,-0.0356533568512078,0.8356087226462466,4.0,1.0,0.5230705642871507,1.014847298899908,2,2,True,0.8406037,0.12729639,0.032099903,0.8406037,False
2023-12-07,Brest,Strasbourg,3.0,5.0,2324,1,1.3952741440641507,0.9801697967713782,15.0,4.0,0.6999186885046333,1.3734377838457303,7.0,6.0,2,1,0.2857142857142857,0.2857142857142857,7,0.0526315789473684,0.0,-0.0526315789473684,0.6953554555595174,0.3932679870743522,8.0,2.0,1.0158990530734322,0.7140790206045161,1,0,False,0.21929583,0.36441118,0.416293,0.416293,True
2023-12-08,Montpellier,Lens,4.0,5.0,2324,1,0.8737929201781365,1.402690090498876,10.0,5.0,1.68965269961118,0.5142358099606338,21.0,6.0,1,2,0.3333333333333333,0.1666666666666666,6,0.0,0.0526315789473684,0.0526315789473684,-0.8158597794330436,-0.8884542805382422,-11.0,1.0,1.6992066737729288,1.2045801927710518,1,0,False,0.14948365,0.4046033,0.44591308,0.44591308,True
2023-12-09,Rennes,Monaco,5.0,5.0,2324,0,1.0267989100540136,1.5126999449415892,9.0,6.0,1.5726540174061878,1.3965502676429982,17.0,6.0,3,2,0.2,0.3333333333333333,15,0.1052631578947368,0.0526315789473684,-0.0526315789473684,-0.5458551073521742,-0.116149677298591,-8.0,0.0,0.7352394925153496,1.0396338167824246,0,1,False,0.19562946,0.48926038,0.31511015,0.48926038,True
2023-12-09,Paris SG,Nantes,6.0,4.0,2324,2,2.9091318305061376,0.7378693970667682,25.0,6.0,1.085779417479406,1.3881213039206195,16.0,7.0,1,4,0.8125,0.0,16,0.0,0.1578947368421052,0.1578947368421052,1.823352413026732,0.6502519068538515,9.0,1.0,2.095733148313166,1.4715062337531206,2,2,True,0.66360646,0.2645959,0.07179769,0.66360646,False
2023-12-10,Lyon,Toulouse,7.0,6.0,2324,2,0.8244641864495418,1.863666851725846,6.0,4.0,0.8484732043644422,1.2465678890234446,8.0,7.0,1,7,0.8333333333333334,0.1666666666666666,12,0.0,0.3157894736842105,0.3157894736842105,-0.0240090179149004,-0.6170989627024013,-2.0,3.0,0.6613873128846782,0.4552708567943432,2,2,True,0.45893708,0.25834438,0.28271854,0.45893708,False
2023-12-10,Strasbourg,Le Havre,3.0,3.0,2324,2,0.783460812932933,1.2825600121823943,8.0,3.0,0.3560352616541721,0.8767380602104954,11.0,7.0,6,12,0.45,0.26,0,0.2631578947368421,0.5789473684210527,0.3157894736842105,0.4274255512787608,-0.4058219519718989,-3.0,4.0,0.8936087623991509,0.2775973508236432,2,2,True,0.50616145,0.35489982,0.13893872,0.50616145,False
2023-12-10,Lorient,Marseille,9.0,8.0,2324,0,1.1732370120180324,1.798340704367032,7.0,7.0,1.2529781451197437,0.8116190013442237,12.0,4.0,8,2,0.0,0.3,10,0.3684210526315789,0.0526315789473684,-0.3157894736842105,-0.0797411331017112,-0.9867217030228084,-5.0,-3.0,1.4455514349403944,0.6967412471268944,0,0,True,0.16816713,0.22723553,0.60459733,0.60459733,False
2023-12-10,Clermont,Lille,5.0,3.0,2324,1,0.4793867426220908,1.3357896382757222,9.0,7.0,1.413439006903662,0.4571039224399548,19.0,7.0,11,3,0.25,0.25,4,0.5263157894736842,0.1052631578947368,-0.4210526315789473,-0.9340522642815712,-0.8786857158357673,-10.0,0.0,1.048747820983888,1.058129937830759,1,0,False,0.30869934,0.33245423,0.3588464,0.3588464,True
2023-12-10,Nice,Reims,5.0,2.0,2324,2,0.8795593497441663,0.2724984227871251,23.0,8.0,1.168697641479686,1.4616622224914009,16.0,9.0,4,5,0.25,0.6666666666666666,12,0.1578947368421052,0.2105263157894736,0.0526315789473684,-0.2891382917355196,1.189163799704276,7.0,1.0,0.601752810060972,3.895658804932287,2,2,True,0.5324567,0.29800883,0.16953449,0.5324567,False
2023-12-10,Metz,Brest,3.0,3.0,2324,0,1.04969816906563,1.3690286732361554,11.0,7.0,1.4092807229364988,1.0356868103730033,15.0,3.0,9,10,0.4,0.0,5,0.4210526315789473,0.4736842105263157,0.0526315789473684,-0.3595825538708688,-0.3333418628631521,-4.0,-4.0,1.0135285672775736,1.0294019040559568,0,1,False,0.3415439,0.48996028,0.16849579,0.48996028,True
2023-12-15,Monaco,Lyon,4.0,2.0,2324,0,1.615388615665569,1.3033612475999354,19.0,6.0,1.2026197476408764,1.6773001665532616,8.0,5.0,1,2,0.3333333333333333,0.0666666666666666,15,0.0,0.0526315789473684,0.0526315789473684,0.4127688680246926,0.3739389189533262,11.0,-1.0,0.9630885680915916,0.92270638693258,0,2,False,0.49184844,0.36027792,0.14787363,0.49184844,True
2023-12-16,Le Havre,Nice,5.0,6.0,2324,2,0.4739657287675178,1.0961322407469718,10.0,6.0,0.9380694214909864,0.2917145872296495,23.0,6.0,4,1,0.45,0.26,0,0.1578947368421052,0.0,-0.1578947368421052,-0.4641036927234687,-0.8044176535173222,-13.0,0.0,1.5798857625583926,0.8557994981077542,2,0,False,0.28208593,0.2572867,0.4606274,0.4606274,True
2023-12-16,Lens,Reims,2.0,3.0,2324,2,1.5206874296500623,0.4092782356858075,22.0,8.0,1.1518278773317174,1.5154960002422606,16.0,6.0,3,2,0.5,0.5,6,0.1052631578947368,0.0526315789473684,-0.0526315789473684,0.3688595523183449,1.106217764556453,6.0,-2.0,1.0034255645722403,2.8142905654429824,2,2,True,0.40591803,0.29290053,0.30118147,0.40591803,False
2023-12-17,Nantes,Brest,4.0,8.0,2324,0,1.0772014757314654,1.556377160086084,13.0,8.0,1.314818657364086,0.8785841360569401,15.0,7.0,6,11,0.5714285714285714,0.2857142857142857,7,0.2631578947368421,0.5263157894736842,0.2631578947368421,-0.2376171816326204,-0.677793024029144,-2.0,-1.0,1.2260652469391424,0.8447943667403617,0,0,True,0.13261725,0.37541184,0.49197093,0.49197093,False
2023-12-17,Lorient,Strasbourg,1.0,9.0,2324,0,1.2559133108162293,2.1255746204878547,6.0,7.0,0.9051147316396396,1.200770017685392,10.0,7.0,9,7,0.3333333333333333,0.5,6,0.4210526315789473,0.3157894736842105,-0.1052631578947368,0.3507985791765896,-0.9248046028024628,-4.0,0.0,1.0459232761633503,0.4258211981435404,0,0,True,0.033016138,0.18095054,0.78603333,0.78603333,False
2023-12-17,Metz,Montpellier,4.0,3.0,2324,0,0.891194358880304,1.3856597991913029,8.0,7.0,0.6793456416027969,1.1553530948914623,10.0,9.0,10,5,0.4,0.4,10,0.4736842105263157,0.2105263157894736,-0.2631578947368421,0.2118487172775071,-0.2303067042998403,-2.0,2.0,0.7713610348393326,0.4902687095340977,0,2,False,0.42857262,0.38342607,0.18800126,0.42857262,True
2023-12-17,Toulouse,Rennes,6.0,4.0,2324,1,0.763625883927998,1.582513079957389,7.0,7.0,0.9705850257698496,1.5614299504474305,8.0,8.0,8,4,0.1666666666666666,0.25,12,0.3684210526315789,0.1578947368421052,-0.2105263157894736,-0.2069591418418515,-0.0210831295099587,-1.0,1.0,0.4890554864207516,0.6133188016341601,1,2,False,0.35293946,0.33708507,0.30997548,0.35293946,True
2023-12-17,Marseille,Clermont,6.0,2.0,2324,2,1.741816303722821,1.0375250877673274,14.0,7.0,0.4314480683598817,1.148676681169387,10.0,7.0,2,12,0.75,0.0,4,0.0526315789473684,0.5789473684210527,0.5263157894736843,1.3103682353629391,0.1111515934020594,4.0,0.0,1.516367775438429,0.4158435043612527,2,2,True,0.7889577,0.12178411,0.089258134,0.7889577,False
2023-12-17,Lille,Paris SG,3.0,2.0,2324,1,1.16502711965577,0.3043255436384335,19.0,7.0,2.818218647455524,0.6570144708025655,28.0,8.0,3,1,0.125,0.125,16,0.1052631578947368,0.0,-0.1052631578947368,-1.6531915277997542,0.3526889271641319,-9.0,1.0,1.773213789694236,9.260539269105276,1,1,True,0.17068425,0.6462124,0.18310332,0.6462124,False
2023-12-20,Toulouse,Monaco,5.0,4.0,2324,0,0.6337293022564352,1.317193785404124,8.0,3.0,1.4538497540990123,1.2730251228399416,19.0,5.0,12,2,0.1818181818181818,0.2727272727272727,11,0.5789473684210527,0.0526315789473684,-0.5263157894736843,-0.8201204518425771,-0.0441686625641823,-11.0,2.0,0.4978136651715666,1.103747808567865,0,0,True,0.3589494,0.27799118,0.36305943,0.36305943,False
2023-12-20,Nice,Lens,5.0,3.0,2324,2,0.944262479341888,0.7231451083429734,20.0,4.0,1.5686186866850558,0.3148164188384638,22.0,4.0,5,13,0.6666666666666666,0.1666666666666666,6,0.2105263157894736,0.631578947368421,0.4210526315789473,-0.6243562073431678,-0.4083286895045095,-2.0,0.0,2.9994067108247,2.1691617195329087,2,2,True,0.5181677,0.25222278,0.22960958,0.5181677,False
2023-12-20,Reims,Le Havre,7.0,1.0,2324,2,0.9295771030410198,1.6174803934967976,13.0,4.0,0.7801031491695289,1.086519016672275,10.0,4.0,10,18,0.45,0.26,0,0.4736842105263157,0.8947368421052632,0.4210526315789474,0.1494739538714908,-0.5309613768245229,3.0,0.0,0.8555552997940826,0.4822952737516898,2,2,True,0.8542793,0.12349962,0.022221114,0.8542793,False
2023-12-20,Lyon,Nantes,7.0,0.0,2324,2,1.2358917661555515,1.4560361566191722,11.0,5.0,0.7018113617645041,1.5472054507987123,10.0,3.0,3,9,0.5333333333333333,0.3333333333333333,15,0.1052631578947368,0.4210526315789473,0.3157894736842105,0.5340804043910476,0.0911692941795401,1.0,-2.0,0.7987896924209701,0.4820013284519442,2,2,True,0.79339844,0.18319781,0.02340378,0.79339844,False
2023-12-20,Strasbourg,Lille,2.0,2.0,2324,2,1.0681372517544387,1.2342270091956156,10.0,3.0,1.148524407690193,0.3203589959958272,20.0,3.0,11,5,0.0833333333333333,0.25,12,0.5263157894736842,0.2105263157894736,-0.3157894736842105,-0.0803871559357543,-0.9138680131997884,-10.0,0.0,3.334188410830054,0.930561719305367,2,1,False,0.27198952,0.5286705,0.19934,0.5286705,True
2023-12-20,Brest,Lorient,7.0,3.0,2324,2,1.4368707849064402,0.790725722451246,15.0,3.0,1.1232539931770804,1.9524151786027804,6.0,3.0,16,14,0.3333333333333333,0.0,6,0.7894736842105263,0.6842105263157895,-0.1052631578947368,0.3136167917293597,1.1616894561515343,9.0,0.0,0.7359453054112791,1.4205355425835882,2,2,True,0.69324493,0.19154663,0.11520842,0.69324493,False
2023-12-20,Montpellier,Marseille,6.0,4.0,2324,1,0.7649450707212802,1.0398177854023165,12.0,3.0,1.8747026599080647,0.8731705991543057,17.0,3.0,8,4,0.1333333333333333,0.4,15,0.3684210526315789,0.1578947368421052,-0.2105263157894736,-1.1097575891867846,-0.1666471862480105,-5.0,0.0,0.8760545435933762,1.8029145935244055,1,1,True,0.22462933,0.6065675,0.16880313,0.6065675,False
2023-12-20,Clermont,Rennes,6.0,11.0,2324,0,0.4883032615238936,1.2338090130524482,10.0,3.0,0.8735265231928645,1.4052869554026874,8.0,3.0,17,7,0.5,0.0,4,0.8421052631578947,0.3157894736842105,-0.5263157894736842,-0.3852232616689709,0.1714779423502392,2.0,0.0,0.3474758373345673,0.7079916858702114,0,0,True,0.15027253,0.053640917,0.7960866,0.7960866,False
2023-12-20,Paris SG,Metz,5.0,1.0,2324,2,2.475794802873683,0.7448470170010719,26.0,3.0,0.8020749229922736,1.3470938192721722,8.0,3.0,1,15,1.0,0.0,9,0.0,0.7368421052631579,0.7368421052631579,1.6737198798814097,0.6022468022711003,18.0,0.0,1.8378785259450916,1.0768317583140958,2,2,True,0.8371765,0.13731684,0.025506679,0.8371765,False
2024-01-12,Marseille,Strasbourg,2.0,4.0,2324,1,1.7336984006384957,0.7787855526813492,18.0,23.0,1.2683915131365204,1.2108043082760542,13.0,23.0,1,2,0.5,0.5,12,0.0,0.0526315789473684,0.0526315789473684,0.465306887501975,0.432018755594705,5.0,0.0,1.431856815166886,1.6286787919594343,1,0,False,0.19134295,0.36118612,0.447471,0.447471,True
2024-01-13,Monaco,Reims,5.0,5.0,2324,0,1.454930785410348,1.1921886172771847,19.0,24.0,0.8830853994581548,1.455732354147118,13.0,24.0,1,4,0.3076923076923077,0.4615384615384615,13,0.0,0.1578947368421052,0.1578947368421052,0.5718453859521934,0.2635437368699331,6.0,0.0,0.9994493708033032,0.7407262463845826,0,0,True,0.2871289,0.23923166,0.47363937,0.47363937,False
2024-01-13,Rennes,Nice,5.0,2.0,2324,2,1.086173870873578,1.3647582598624188,8.0,24.0,1.156904217965225,0.6508305975086762,22.0,24.0,3,2,0.1176470588235294,0.2941176470588235,17,0.1052631578947368,0.0526315789473684,-0.0526315789473684,-0.0707303470916469,-0.7139276623537426,-14.0,0.0,1.6689041280962489,0.847699004277763,2,1,False,0.36392716,0.51041615,0.1256567,0.51041615,True
2024-01-14,Metz,Toulouse,2.0,2.0,2324,0,0.8754014239718092,1.512384437344955,8.0,25.0,0.5632883854732659,1.4925423934212376,5.0,25.0,10,6,0.1666666666666666,0.6666666666666666,6,0.4736842105263157,0.2631578947368421,-0.2105263157894736,0.3121130384985433,-0.0198420439237176,3.0,0.0,0.5865169577965523,0.3724505301457205,0,1,False,0.30485994,0.42968333,0.26545668,0.42968333,True
2024-01-14,Nantes,Clermont,9.0,6.0,2324,0,0.5780962323092907,1.3854169191613153,10.0,25.0,0.5930069286502672,1.5710300915834925,9.0,25.0,5,11,0.6,0.4,5,0.2105263157894736,0.5263157894736842,0.3157894736842105,-0.0149106963409764,0.185613172422177,1.0,0.0,0.3679727303801092,0.428034998308851,0,2,False,0.7155684,0.1750154,0.10941618,0.7155684,True
2024-01-14,Le Havre,Lyon,7.0,2.0,2324,2,0.702092834252576,1.0243331217262843,10.0,25.0,1.2658365828187594,1.2033645543997291,14.0,25.0,12,2,0.0,1.0,1,0.5789473684210527,0.0526315789473684,-0.5263157894736843,-0.5637437485661835,0.179031432673445,-4.0,0.0,0.5834415112906486,1.2357665255278234,2,1,False,0.3657522,0.51056206,0.12368576,0.51056206,True
2024-01-14,Lille,Lorient,10.0,0.0,2324,2,1.0801379736424106,0.5953910829537703,17.0,25.0,1.0109285938593726,2.2107076540212653,6.0,25.0,3,8,0.5454545454545454,0.0,11,0.1052631578947368,0.3684210526315789,0.2631578947368421,0.0692093797830379,1.615316571067495,11.0,0.0,0.488593763936921,1.697923638432904,2,2,True,0.9453947,0.051680285,0.0029250183,0.9453947,False
2024-01-14,Brest,Montpellier,9.0,4.0,2324,2,1.907319679530848,0.7116531502061214,17.0,25.0,0.6813825770916262,1.0893700001408475,10.0,25.0,9,4,0.25,0.25,8,0.4210526315789473,0.1578947368421052,-0.2631578947368421,1.2259371024392218,0.3777168499347261,7.0,0.0,1.7508465253166927,0.9574644289767738,2,2,True,0.7266908,0.15576412,0.11754504,0.7266908,False
2024-01-14,Lens,Paris SG,5.0,7.0,2324,0,1.3582228247377874,0.5904027635121434,19.0,25.0,2.688817302422603,0.8238963085797276,28.0,25.0,7,1,0.2857142857142857,0.2857142857142857,7,0.3157894736842105,0.0,-0.3157894736842105,-1.3305944776848158,0.2334935450675842,-9.0,0.0,1.648536121103829,4.554208531185677,0,0,True,0.18768051,0.2916254,0.5206941,0.5206941,False
2024-01-26,Lyon,Rennes,6.0,5.0,2324,0,1.1321849379793578,1.3830280989597563,13.0,12.0,1.231090477064983,1.067680454039888,11.0,13.0,1,2,0.375,0.1875,16,0.0,0.0526315789473684,0.0526315789473684,-0.0989055390856255,-0.3153476449198686,2.0,1.0,1.0604155332200735,0.8901413340704697,0,1,False,0.32336345,0.50637585,0.17026067,0.50637585,True
2024-01-27,Nice,Metz,9.0,1.0,2324,2,0.9876798028899396,0.8928155243153344,19.0,14.0,0.7878612815746283,1.4611459936104596,8.0,13.0,3,4,0.5,0.2,10,0.1052631578947368,0.1578947368421052,0.0526315789473684,0.1998185213153112,0.5683304692951252,11.0,-1.0,0.6759624344240951,0.8824457686024317,2,2,True,0.88397026,0.09731004,0.018719701,0.88397026,False
2024-01-27,Marseille,Monaco,9.0,5.0,2324,1,1.55326057401712,0.8544409906919772,16.0,15.0,1.3023697203117872,1.480037742106992,16.0,14.0,2,1,0.3125,0.25,16,0.0526315789473684,0.0,-0.0526315789473684,0.2508908537053327,0.6255967514150149,0.0,-1.0,1.0494736247778973,1.5242360028362527,1,2,False,0.62578434,0.24878256,0.1254331,0.62578434,True
2024-01-28,Montpellier,Lille,7.0,0.0,2324,1,0.6132443193824636,1.1804330001267629,10.0,14.0,1.3791921628356951,0.4823179813796304,19.0,14.0,3,2,0.125,0.1875,16,0.1052631578947368,0.0526315789473684,-0.0526315789473684,-0.7659478434532317,-0.6981150187471323,-9.0,0.0,1.2714523261777,1.1683781821480663,1,2,False,0.894571,0.08233403,0.023094943,0.894571,True
2024-01-28,Clermont,Strasbourg,6.0,2.0,2324,1,0.7337062357852404,1.5139270824251432,9.0,14.0,1.2415523618228683,1.1361898841696858,14.0,16.0,11,6,0.0,0.6,5,0.5263157894736842,0.2631578947368421,-0.2631578947368421,-0.5078461260376281,-0.3777371982554574,-5.0,2.0,0.645760225476241,0.8200872923377786,1,1,True,0.32055804,0.5717252,0.10771681,0.5717252,False
2024-01-28,Lorient,Le Havre,6.0,5.0,2324,1,0.7492337546371465,2.289636888619139,5.0,14.0,1.0924855306636074,0.91483182299613,13.0,14.0,9,12,0.0,0.0,1,0.4210526315789473,0.5789473684210527,0.1578947368421053,-0.3432517760264609,-1.374805065623009,-8.0,0.0,0.8189852340109468,0.4771435750768658,1,0,False,0.16156933,0.41194674,0.42648393,0.42648393,True
2024-01-28,Reims,Nantes,1.0,5.0,2324,1,1.2018448460698654,1.3030911321748804,16.0,15.0,0.5667526157995987,1.5004092205239463,7.0,14.0,5,4,0.6666666666666666,0.0833333333333333,12,0.2105263157894736,0.1578947368421052,-0.0526315789473684,0.6350922302702667,0.1973180883490661,9.0,-1.0,0.8010113705180899,0.4349293781576729,1,0,False,0.059315067,0.29353133,0.6471536,0.6471536,True
2024-01-28,Toulouse,Lens,4.0,5.0,2324,0,0.6069595469259392,1.289754160800351,7.0,14.0,1.168866548985246,0.7848964804396918,18.0,14.0,7,8,0.0,0.0,3,0.3157894736842105,0.3684210526315789,0.0526315789473684,-0.5619070020593067,-0.5048576803606593,-11.0,0.0,0.7732988515707524,0.9062708107566104,0,0,True,0.1628978,0.39952934,0.43757287,0.43757287,False
2024-01-28,Paris SG,Brest,4.0,6.0,2324,1,2.5664015789015804,0.687972684442992,28.0,14.0,1.9701217048565265,0.5869538419067464,19.0,14.0,1,10,1.0,0.0,8,0.0,0.4736842105263157,0.4736842105263157,0.5962798740450541,-0.1010188425362456,9.0,0.0,4.372407838007343,2.8636626851713007,1,1,True,0.21239613,0.5449588,0.24264507,0.5449588,False
2024-02-02,Strasbourg,Paris SG,8.0,5.0,2324,0,1.2709311189193446,1.0155029091951913,15.0,5.0,2.4562274277326592,0.9262434025562188,26.0,5.0,2,1,0.0833333333333333,0.3333333333333333,12,0.0526315789473684,0.0,-0.0526315789473684,-1.1852963088133146,-0.0892595066389725,-11.0,0.0,1.3721351379258055,2.418730075012069,0,2,False,0.46205914,0.15354693,0.3843939,0.46205914,True
2024-02-03,Nantes,Lens,2.0,4.0,2324,0,0.4030093676621128,1.350368298471552,5.0,6.0,1.3590478806442472,0.7064068323957227,20.0,6.0,3,4,0.1428571428571428,0.5714285714285714,7,0.1052631578947368,0.1578947368421052,0.0526315789473684,-0.9560385129821344,-0.6439614660758293,-15.0,0.0,0.5705060443644615,1.006427566599808,0,0,True,0.081923954,0.40095478,0.51712126,0.51712126,False
2024-02-03,Rennes,Montpellier,3.0,9.0,2324,2,1.5150494159160106,1.160912408635899,14.0,8.0,0.3913179076079284,1.0623897001140865,8.0,6.0,1,2,0.5294117647058824,0.2941176470588235,17,0.0,0.0526315789473684,0.0526315789473684,1.123731508308082,-0.0985227085218125,6.0,-2.0,1.426076905445633,0.337077892093286,2,0,False,0.17514354,0.302038,0.52281845,0.52281845,True
2024-02-04,Reims,Toulouse,5.0,4.0,2324,0,1.0281263681841155,1.1192480256786292,16.0,7.0,0.4927295989545824,1.4143127379990788,6.0,7.0,6,7,0.25,0.375,8,0.2631578947368421,0.3157894736842105,0.0526315789473684,0.5353967692295334,0.2950647123204495,10.0,0.0,0.7269441478966482,0.4402327166544051,0,2,False,0.45643514,0.20110779,0.342457,0.45643514,True
2024-02-04,Brest,Nice,2.0,1.0,2324,1,2.0801775209283995,0.7817924509948347,20.0,7.0,0.9889118226009456,0.803533971883801,19.0,8.0,9,4,0.2222222222222222,0.3333333333333333,9,0.4210526315789473,0.1578947368421052,-0.2631578947368421,1.0912656983274538,0.0217415208889663,1.0,1.0,2.5887860298571344,1.2649288456834682,1,1,True,0.3036642,0.5688261,0.12750967,0.5688261,False
2024-02-04,Lyon,Marseille,7.0,1.0,2324,2,1.272500437460185,1.5982592823425434,13.0,9.0,1.705002503172934,1.0225308849015424,17.0,8.0,2,3,0.4375,0.3125,16,0.0526315789473684,0.1052631578947368,0.0526315789473684,-0.4325020657127492,-0.575728397441001,-4.0,-1.0,1.2444616160251352,1.0667871740271946,2,2,True,0.78099644,0.19495903,0.024044508,0.78099644,False
2024-02-04,Metz,Lorient,3.0,4.0,2324,0,0.6555411601384025,1.3614974009706509,8.0,8.0,1.0278443724521946,2.4677411863147505,3.0,7.0,10,8,0.4285714285714285,0.1428571428571428,7,0.4736842105263157,0.3684210526315789,-0.1052631578947368,-0.3723032123137921,1.1062437853440996,5.0,-1.0,0.2656442108977269,0.754936712857046,0,0,True,0.26491287,0.33079407,0.40429303,0.40429303,False
2024-02-04,Lille,Clermont,13.0,3.0,2324,2,1.1877389532733629,0.4340861832416673,17.0,7.0,0.8138696054854793,1.4625343741826289,10.0,7.0,5,11,0.4,0.4,5,0.2105263157894736,0.5263157894736842,0.3157894736842105,0.3738693477878836,1.0284481909409613,7.0,0.0,0.8121101112151011,1.8749032724507988,2,2,True,0.86564124,0.11001904,0.024339769,0.86564124,False
2024-02-04,Monaco,Le Havre,5.0,0.0,2324,1,1.3721327482806085,1.585567961175056,14.0,8.0,1.4438389574335353,1.2839506205328055,13.0,7.0,1,12,0.0,1.0,1,0.0,0.5789473684210527,0.5789473684210527,-0.0717062091529268,-0.3016173406422502,1.0,-1.0,1.0686803108605605,0.9106131006604812,1,2,False,0.77477646,0.21359877,0.011624783,0.77477646,True
2024-02-09,Marseille,Metz,6.0,3.0,2324,1,1.534502252855641,1.0738117896901511,16.0,5.0,0.7435210374033252,1.5324156474311117,7.0,5.0,1,2,0.4,0.5,10,0.0,0.0526315789473684,0.0526315789473684,0.7909812154523155,0.4586038577409606,9.0,0.0,1.0013616445564406,0.6924128087826904,1,2,False,0.66117615,0.21794762,0.12087627,0.66117615,True
2024-02-10,Lens,Strasbourg,6.0,5.0,2324,2,1.1625411127435334,0.6357661491561505,20.0,7.0,1.2438380070274102,1.1674866115544351,14.0,8.0,4,3,0.4285714285714285,0.1428571428571428,7,0.1578947368421052,0.1052631578947368,-0.0526315789473684,-0.0812968942838767,0.5317204623982846,6.0,1.0,0.995763978137345,1.9564395000871797,2,2,True,0.37664476,0.32757118,0.2957841,0.37664476,False
2024-02-10,Paris SG,Lille,8.0,3.0,2324,2,2.3570706916806303,0.8800850690218339,26.0,8.0,1.5760330445035524,0.3906775649175006,17.0,6.0,1,2,0.7058823529411765,0.1764705882352941,17,0.0,0.0526315789473684,0.0526315789473684,0.7810376471770779,-0.4894075041043333,9.0,-2.0,6.0332890939830985,1.790773528580852,2,2,True,0.79989815,0.1316842,0.06841764,0.79989815,False
2024-02-11,Montpellier,Lyon,8.0,5.0,2324,0,0.5057201101258986,1.1026167368239148,8.0,8.0,1.2452503937141666,1.3848993608295264,15.0,7.0,5,2,0.3125,0.1875,16,0.2105263157894736,0.0526315789473684,-0.1578947368421052,-0.739530283588268,0.2822826240056115,-7.0,-1.0,0.3651674081378611,1.1293592343801235,0,2,False,0.5374764,0.27691504,0.18560855,0.5374764,True
2024-02-11,Toulouse,Nantes,3.0,2.0,2324,0,0.9040586188954132,1.419347470920408,9.0,7.0,0.3627084308959016,1.154729488788108,5.0,8.0,8,6,0.1666666666666666,0.4166666666666667,12,0.3684210526315789,0.2631578947368421,-0.1052631578947368,0.5413501879995114,-0.2646179821323,4.0,1.0,0.7829181013158548,0.255545902837094,0,2,False,0.50611866,0.3457298,0.14815158,0.50611866,True
2024-02-11,Nice,Monaco,5.0,5.0,2324,0,0.8364866470620883,0.7231805746954209,17.0,7.0,1.3884534667313109,1.4734771717787871,15.0,7.0,3,1,0.3529411764705882,0.1764705882352941,17,0.1052631578947368,0.0,-0.1052631578947368,-0.5519668196692226,0.7502965970833665,2.0,0.0,0.5676956949745467,1.919926385351377,0,0,True,0.18346311,0.3500024,0.46653447,0.46653447,False
2024-02-11,Clermont,Brest,2.0,9.0,2324,1,0.7324826449369314,1.9304169098794175,9.0,7.0,1.765091782278034,0.5430112260590624,21.0,7.0,11,10,0.0,0.2,5,0.5263157894736842,0.4736842105263157,-0.0526315789473684,-1.0326091373411024,-1.3874056838203552,-12.0,0.0,1.3489272592999035,0.9143578121620832,1,0,False,0.031384204,0.17184904,0.79676676,0.79676676,True
2024-02-11,Lorient,Reims,5.0,6.0,2324,2,1.2321279217645011,2.320967067683276,6.0,7.0,1.178847724644467,1.467925202947055,13.0,7.0,9,7,0.3333333333333333,0.2222222222222222,9,0.4210526315789473,0.3157894736842105,-0.1052631578947368,0.053280197120034,-0.8530418647362208,-7.0,0.0,0.8393669645366402,0.5079123013241027,2,1,False,0.28326413,0.35871983,0.35801607,0.35871983,True
2024-02-11,Le Havre,Rennes,5.0,2.0,2324,0,1.4529890549689448,1.309089551758288,13.0,7.0,1.6170784676031726,1.144821167772309,16.0,8.0,12,4,0.0,1.0,1,0.5789473684210527,0.1578947368421052,-0.4210526315789474,-0.1640894126342278,-0.1642683839859788,-3.0,1.0,1.269184302205291,1.235269554654388,0,2,False,0.4981743,0.45294422,0.048881475,0.4981743,True
2024-02-16,Lyon,Nice,1.0,6.0,2324,2,1.374259347621513,1.3999434180253365,15.0,5.0,0.9528379823558792,1.1114644970621677,14.0,5.0,1,2,0.2941176470588235,0.2352941176470588,17,0.0,0.0526315789473684,0.0526315789473684,0.4214213652656338,-0.2884789209631688,1.0,0.0,1.236440166333668,0.6806260668019617,2,0,False,0.050713584,0.3987403,0.55054617,0.55054617,True
2024-02-17,Lille,Le Havre,8.0,2.0,2324,2,1.5719637333319605,0.8122117882620393,16.0,7.0,1.2006221629145246,1.2781805965824593,10.0,6.0,2,4,1.0,0.0,1,0.0526315789473684,0.1578947368421052,0.1052631578947368,0.3713415704174356,0.46596880832042,6.0,-1.0,1.2298447790046296,1.4782131708326975,2,2,True,0.77070725,0.17638244,0.05291033,0.77070725,False
2024-02-17,Nantes,Paris SG,7.0,2.0,2324,0,0.6335055743638374,1.139256539909297,8.0,6.0,2.421363622512568,0.9456105553984137,26.0,7.0,3,1,0.1764705882352941,0.0,17,0.1052631578947368,0.0,-0.1052631578947368,-1.7878580481487305,-0.1936459845108837,-18.0,1.0,0.669943425173509,2.125389267201702,0,2,False,0.68104655,0.13978854,0.17916493,0.68104655,True
2024-02-18,Montpellier,Metz,7.0,4.0,2324,2,0.6086820923920716,1.2994230496990495,7.0,7.0,0.7691689336629927,1.4791740826880004,7.0,9.0,4,11,0.2727272727272727,0.3636363636363636,11,0.1578947368421052,0.5263157894736842,0.3684210526315789,-0.160486841270921,0.1797510329889509,0.0,2.0,0.4115013232830282,0.5919311142288376,2,2,True,0.65812755,0.15981682,0.18205565,0.65812755,False
2024-02-18,Rennes,Clermont,8.0,5.0,2324,2,1.6089046141216186,0.9232710644375522,19.0,7.0,0.7592343804432382,1.8909092121702389,7.0,7.0,3,12,0.6,0.0,5,0.1052631578947368,0.5789473684210527,0.4736842105263158,0.8496702336783803,0.9676381477326866,12.0,0.0,0.8508629625189899,0.8223309596578297,2,2,True,0.87924516,0.059118316,0.06163655,0.87924516,False
2024-02-18,Reims,Lens,2.0,1.0,2324,1,1.0074289589012575,1.6282006692098756,10.0,7.0,1.506888981305469,0.7257235275192984,22.0,8.0,5,8,0.0,0.4285714285714285,7,0.2105263157894736,0.3684210526315789,0.1578947368421052,-0.4994600224042116,-0.9024771416905772,-12.0,1.0,1.3881718322470509,0.9254934049601664,1,1,True,0.2844293,0.54433286,0.17123783,0.54433286,False
2024-02-18,Strasbourg,Lorient,4.0,6.0,2324,0,1.2729881996034322,1.5113399302352803,13.0,8.0,1.415983116145577,2.088870360914948,8.0,7.0,6,9,0.2857142857142857,0.4285714285714285,7,0.2631578947368421,0.4210526315789473,0.1578947368421052,-0.1429949165421447,0.5775304306796678,5.0,-1.0,0.6094146498616838,0.9369057799757472,0,1,False,0.26320055,0.43149766,0.30530176,0.43149766,True
2024-02-18,Monaco,Toulouse,5.0,7.0,2324,0,1.6031421133369426,1.6331974411584342,15.0,7.0,0.9136527570058718,1.477412723828367,9.0,7.0,1,7,0.5833333333333334,0.25,12,0.0,0.3157894736842105,0.3157894736842105,0.6894893563310708,-0.1557847173300672,6.0,0.0,1.085101060442188,0.5594257828115465,0,2,False,0.5010481,0.28143635,0.21751554,0.5010481,True
2024-02-18,Brest,Marseille,5.0,2.0,2324,2,1.742116597328993,0.5351761101743931,22.0,7.0,1.534586020848839,1.066430610721136,17.0,9.0,10,2,0.25,0.125,8,0.4736842105263157,0.0526315789473684,-0.4210526315789473,0.2075305764801536,0.531254500546743,5.0,2.0,1.6335958287534038,2.8674411874416017,2,1,False,0.4354846,0.44629258,0.11822286,0.44629258,True
2024-02-23,Metz,Lyon,4.0,5.0,2324,0,0.5316500604604045,1.7383246609767262,4.0,5.0,1.3903674061381244,1.1528810896652772,18.0,7.0,2,1,0.1818181818181818,0.1818181818181818,11,0.0526315789473684,0.0,-0.0526315789473684,-0.8587173456777198,-0.585443571311449,-14.0,2.0,0.4611490857350792,0.7998318365666559,0,0,True,0.20318581,0.36846077,0.42835343,0.42835343,False
2024-02-24,Strasbourg,Brest,2.0,8.0,2324,0,1.245689379643089,1.767273923769278,12.0,6.0,1.560836951038568,0.4281245058781909,22.0,6.0,2,4,0.375,0.375,8,0.0526315789473684,0.1578947368421052,0.1052631578947368,-0.315147571395479,-1.3391494178910872,-10.0,0.0,2.9096427850768958,0.8831890348438928,0,0,True,0.047724325,0.18755566,0.76472,0.76472,False
2024-02-24,Lorient,Nantes,1.0,6.0,2324,0,1.734986784367308,1.9799833248234535,11.0,6.0,0.5166210236486907,1.1717968926396043,8.0,7.0,3,1,0.0909090909090909,0.1818181818181818,11,0.1052631578947368,0.0,-0.1052631578947368,1.2183657607186174,-0.8081864321838492,3.0,1.0,1.4806207417558983,0.2609219063472443,0,1,False,0.05151653,0.5932924,0.3551911,0.5932924,True
2024-02-25,Lens,Monaco,10.0,9.0,2324,0,1.4562000831749222,0.8066851680461316,20.0,7.0,1.5963618952820111,1.776945683600117,14.0,7.0,10,2,0.5714285714285714,0.2857142857142857,7,0.4736842105263157,0.0526315789473684,-0.4210526315789473,-0.1401618121070889,0.9702605155539854,6.0,0.0,0.8194961143801764,1.9789156396026863,0,2,False,0.4936377,0.1553319,0.3510304,0.4936377,True
2024-02-25,Le Havre,Reims,4.0,5.0,2324,0,1.080559946623072,1.6109645167605022,9.0,8.0,1.060220056289895,1.4583126157313622,11.0,7.0,12,8,0.0,0.0,1,0.5789473684210527,0.3684210526315789,-0.2105263157894737,0.0203398903331772,-0.15265190102914,-2.0,-1.0,0.7409659183954584,0.6581275039017602,0,0,True,0.2632902,0.310014,0.42669573,0.42669573,False
2024-02-25,Nice,Clermont,4.0,5.0,2324,1,0.8575541841202914,1.1538520406347137,13.0,9.0,0.8368449356776774,2.001818290953215,7.0,7.0,5,11,0.4,0.0,5,0.2105263157894736,0.5263157894736842,0.3157894736842105,0.020709248442614,0.8479662503185013,6.0,-2.0,0.4283876253882893,0.7252619107189373,1,2,False,0.41016927,0.31354183,0.2762889,0.41016927,True
2024-02-25,Toulouse,Lille,4.0,2.0,2324,2,1.0758214745840475,1.4296714514455304,11.0,7.0,1.8218353465562904,0.6774566161570724,18.0,8.0,9,4,0.2307692307692307,0.3076923076923077,13,0.4210526315789473,0.1578947368421052,-0.2631578947368421,-0.7460138719722427,-0.752214835288458,-7.0,1.0,1.5880300655807775,1.2743035084838867,2,1,False,0.27991372,0.5551489,0.16493738,0.5551489,True
2024-02-25,Paris SG,Rennes,3.0,1.0,2324,1,2.3256932669825474,0.8510494998585723,26.0,8.0,1.9086161325457451,0.9309439579937973,22.0,7.0,1,6,0.625,0.0625,16,0.0,0.2631578947368421,0.2631578947368421,0.417077134436802,0.079894458135225,4.0,-1.0,2.498209744004852,2.2426617169305896,1,1,True,0.46508104,0.48747653,0.04744239,0.48747653,False
2024-02-25,Marseille,Montpellier,6.0,4.0,2324,2,1.3275934254851929,1.0597875496490226,16.0,7.0,0.9548818697103902,1.0088787648928554,10.0,7.0,3,7,0.4375,0.4375,16,0.1052631578947368,0.3157894736842105,0.2105263157894736,0.3727115557748024,-0.0509087847561671,6.0,0.0,1.315909771999399,0.9010125378682032,2,2,True,0.5003712,0.31260085,0.18702795,0.5003712,False
2024-03-01,Monaco,Paris SG,6.0,7.0,2324,1,1.790259699032573,1.6386491354038164,17.0,5.0,1.9789879671692407,0.8124105565939519,24.0,5.0,2,1,0.3529411764705882,0.1764705882352941,17,0.0526315789473684,0.0,-0.0526315789473684,-0.1887282681366682,-0.8262385788098645,-7.0,0.0,2.203639138489625,1.2076947556449016,1,0,False,0.2969277,0.2552331,0.4478392,0.4478392,True
2024-03-02,Reims,Lille,3.0,3.0,2324,0,1.2077320439396684,1.3054133676006998,14.0,6.0,1.686117818621898,1.070312934377654,15.0,6.0,3,2,0.4166666666666667,0.25,12,0.1052631578947368,0.0526315789473684,-0.0526315789473684,-0.4783857746822297,-0.2351004332230457,-1.0,0.0,1.1283915247104046,1.29163517125684,0,1,False,0.21290652,0.6409677,0.14612576,0.6409677,True
2024-03-02,Clermont,Marseille,2.0,11.0,2324,0,0.6996264488311467,1.7481024685791309,7.0,6.0,1.701902069494199,1.1073427879628832,16.0,6.0,4,1,0.2,0.0,5,0.1578947368421052,0.0,-0.1578947368421052,-1.0022756206630523,-0.6407596806162477,-9.0,0.0,0.631806570139144,0.9735711150145084,0,0,True,0.046173107,0.18578817,0.76803875,0.76803875,False
2024-03-03,Nantes,Metz,2.0,4.0,2324,0,0.6184929145625845,1.054617203375644,10.0,8.0,0.4714170678568382,1.7644921948790535,1.0,9.0,5,11,0.1818181818181818,0.4545454545454545,11,0.2105263157894736,0.5263157894736842,0.3157894736842105,0.1470758467057463,0.7098749915034095,9.0,1.0,0.350521762781149,0.447003013366286,0,0,True,0.16809824,0.32271227,0.5091895,0.5091895,False
2024-03-03,Rennes,Lorient,6.0,6.0,2324,0,1.710686532733645,0.9378495621944176,20.0,7.0,1.4544201193730515,1.7749170057835824,11.0,8.0,3,9,0.3636363636363636,0.2727272727272727,11,0.1052631578947368,0.4210526315789473,0.3157894736842105,0.2562664133605932,0.8370674435891649,9.0,1.0,0.9638121259525702,1.5508032183434002,0,2,False,0.48817176,0.25118476,0.26064348,0.48817176,True
2024-03-03,Lyon,Lens,4.0,8.0,2324,0,1.451330665524312,1.0305249941412236,21.0,9.0,1.457046081578667,1.186618631077807,17.0,7.0,1,8,0.4285714285714285,0.2857142857142857,7,0.0,0.3684210526315789,0.3684210526315789,-0.0057154160543551,0.1560936369365835,4.0,-2.0,1.223080969330531,1.4138871835834317,0,0,True,0.15287626,0.2164013,0.63072246,0.63072246,False
2024-03-03,Montpellier,Strasbourg,7.0,4.0,2324,1,0.9593936827393512,1.4685928682398588,9.0,7.0,1.0675864484000173,1.9440805246711133,12.0,8.0,4,6,0.3846153846153846,0.3846153846153846,13,0.1578947368421052,0.2631578947368421,0.1052631578947368,-0.108192765660666,0.4754876564312544,-3.0,1.0,0.4934948272791607,0.7269451401323659,1,2,False,0.7013514,0.17710057,0.12154805,0.7013514,True
2024-03-03,Brest,Le Havre,4.0,2.0,2324,2,1.704753255934711,0.3853120552903718,22.0,8.0,1.1260379452395275,1.756936051641978,8.0,7.0,10,12,1.0,0.0,1,0.4736842105263157,0.5789473684210527,0.1052631578947368,0.5787153106951832,1.371623996351606,14.0,-1.0,0.9702989783501236,2.922405177255468,2,2,True,0.5494283,0.3796708,0.070900925,0.5494283,False
2024-03-03,Toulouse,Nice,6.0,6.0,2324,2,1.4288413069619317,1.3867043063009774,14.0,7.0,0.7182647724294994,1.0384668365712424,11.0,7.0,7,2,0.1538461538461538,0.3846153846153846,13,0.3157894736842105,0.0526315789473684,-0.2631578947368421,0.7105765345324323,-0.348237469729735,3.0,0.0,1.375914238801894,0.5179653435601314,2,1,False,0.35590535,0.37334928,0.27074537,0.37334928,True
2024-03-08,Nice,Montpellier,5.0,2.0,2324,0,0.7999722884653123,1.1881541461928813,11.0,5.0,1.1705223010229422,1.521733581415873,10.0,5.0,1,2,0.5,0.1875,16,0.0,0.0526315789473684,0.0526315789473684,-0.3705500125576298,0.3335794352229917,1.0,0.0,0.5256979922339564,0.9851603049768958,0,2,False,0.60244495,0.26531932,0.1322357,0.60244495,True
2024-03-09,Lorient,Lyon,0.0,6.0,2324,0,1.5625121007145093,1.697425305205224,13.0,6.0,1.3061975989718808,1.2274724947271012,21.0,6.0,3,1,0.2727272727272727,0.4545454545454545,11,0.1052631578947368,0.0,-0.1052631578947368,0.2563145017426285,-0.4699528104781227,-8.0,0.0,1.2729508053554357,0.7695169825537375,0,0,True,0.02455473,0.20614952,0.76929575,0.76929575,False
2024-03-09,Lens,Brest,2.0,3.0,2324,2,1.6113414734208005,0.9608887814125008,17.0,6.0,1.63427793034124,0.2932468564825716,24.0,6.0,2,4,0.2857142857142857,0.2857142857142857,7,0.0526315789473684,0.1578947368421052,0.1052631578947368,-0.0229364569204397,-0.667641924929929,-7.0,0.0,5.371138244736001,1.7007982213496773,2,1,False,0.1477893,0.61469245,0.23751824,0.61469245,True
2024-03-10,Lille,Rennes,8.0,3.0,2324,1,1.5639720434809457,0.9632816409398888,15.0,8.0,1.6931518727390436,1.0440646059749756,20.0,7.0,4,5,0.2941176470588235,0.4705882352941176,17,0.1578947368421052,0.2105263157894736,0.0526315789473684,-0.1291798292580979,0.0807829650350869,-5.0,-1.0,1.497964814179738,1.7576914173169638,1,2,False,0.73652697,0.17883623,0.08463681,0.73652697,True
2024-03-10,Strasbourg,Monaco,1.0,6.0,2324,0,1.2143617968387783,2.003206465482765,12.0,7.0,1.5041657425717898,1.4747842218634348,15.0,9.0,8,2,0.3846153846153846,0.1538461538461538,13,0.3684210526315789,0.0526315789473684,-0.3157894736842105,-0.2898039457330115,-0.52842224361933,-3.0,2.0,0.8234165912789568,0.7508790374282722,0,0,True,0.044672254,0.46946654,0.48586124,0.48586124,False
2024-03-10,Marseille,Nantes,4.0,3.0,2324,2,2.1387798491023053,1.150142502445358,16.0,8.0,0.5031096298275631,1.2562234695956056,7.0,7.0,3,6,0.4705882352941176,0.2941176470588235,17,0.1052631578947368,0.2631578947368421,0.1578947368421052,1.635670219274742,0.1060809671502476,9.0,-1.0,1.7025472783045568,0.4374324301187759,2,2,True,0.57829946,0.26120585,0.16049467,0.57829946,False
2024-03-10,Le Havre,Toulouse,4.0,0.0,2324,2,1.0134341507155753,1.6277084531990174,8.0,7.0,1.5394911695445013,1.3480338756708796,16.0,7.0,12,9,1.0,0.0,1,0.5789473684210527,0.4210526315789473,-0.1578947368421053,-0.526057018828926,-0.2796745775281377,-8.0,0.0,0.7517868571449785,0.9458027735365396,2,2,True,0.53295326,0.43970808,0.027338604,0.53295326,False
2024-03-10,Paris SG,Reims,6.0,3.0,2324,1,1.674021183894791,0.7311695009345568,22.0,9.0,0.9798908529881756,1.27487203084063,11.0,8.0,1,7,0.5833333333333334,0.25,12,0.0,0.3157894736842105,0.3157894736842105,0.6941303309066155,0.5437025299060733,11.0,-1.0,1.3130895834234972,1.3401692107448564,1,2,False,0.70825046,0.20055045,0.09119907,0.70825046,True
2024-03-10,Metz,Clermont,2.0,6.0,2324,2,0.7313433476286803,1.4809749888336223,4.0,7.0,0.7831977972267951,2.180360208278743,7.0,8.0,10,11,0.3333333333333333,0.6666666666666666,3,0.4736842105263157,0.5263157894736842,0.0526315789473684,-0.0518544495981148,0.6993852194451207,-3.0,1.0,0.3354231767997774,0.5288393140546023,2,0,False,0.11700737,0.37164733,0.5113453,0.5113453,True
2024-03-15,Toulouse,Lyon,5.0,6.0,2324,0,1.3855420525900517,1.2061625015462658,16.0,5.0,1.3220438457959296,1.104725245254391,21.0,6.0,2,1,0.0,0.1538461538461538,13,0.0526315789473684,0.0,-0.0526315789473684,0.0634982067941218,-0.1014372562918748,-5.0,1.0,1.2541960623620902,1.0960744046520323,0,2,False,0.36957508,0.29086632,0.3395586,0.36957508,True
2024-03-16,Nantes,Strasbourg,2.0,6.0,2324,0,0.3992646735660439,1.330601122636045,7.0,6.0,0.9858576305973744,1.9028858189344888,9.0,6.0,2,3,0.4166666666666667,0.1666666666666666,12,0.0526315789473684,0.1052631578947368,0.0526315789473684,-0.5865929570313306,0.5722846962984436,-2.0,0.0,0.2098206154006708,0.7409114676262248,0,0,True,0.09004658,0.3861957,0.52375776,0.52375776,False
2024-03-16,Lens,Nice,4.0,3.0,2324,0,1.603741319357483,0.8647999032712506,19.0,7.0,0.7664410663400181,1.322872724852356,8.0,8.0,4,1,0.1428571428571428,0.1428571428571428,7,0.1578947368421052,0.0,-0.1578947368421052,0.8373002530174649,0.4580728215811054,11.0,1.0,1.2123171709783904,0.8862640518816275,0,1,False,0.37046668,0.38101348,0.24851987,0.38101348,True
2024-03-17,Brest,Lille,4.0,8.0,2324,1,1.4173161440283537,0.4174561641130774,21.0,8.0,1.7146428256903767,1.1740214634034256,15.0,7.0,9,4,0.25,0.375,8,0.4210526315789473,0.1578947368421052,-0.2631578947368421,-0.2973266816620232,0.7565652992903482,6.0,-1.0,1.207231884772898,4.107360180758828,1,0,False,0.06296873,0.3330923,0.603939,0.603939,True
2024-03-17,Clermont,Le Havre,4.0,5.0,2324,2,0.7048780175041155,2.115858180729632,6.0,7.0,1.0120907356440174,1.3578696213215895,11.0,7.0,11,12,0.0,0.0,1,0.5263157894736842,0.5789473684210527,0.0526315789473684,-0.3072127181399019,-0.7579885594080422,-5.0,0.0,0.5191058157837499,0.4783358094893715,2,0,False,0.1494993,0.35447603,0.4960247,0.4960247,True
2024-03-17,Monaco,Lorient,8.0,6.0,2324,1,1.4002151750358478,1.2737718063983283,15.0,7.0,1.2991929040855323,1.6206147881271755,13.0,8.0,2,8,0.4545454545454545,0.3636363636363636,11,0.0526315789473684,0.3684210526315789,0.3157894736842105,0.1010222709503154,0.3468429817288472,2.0,1.0,0.8640024670230071,1.0199573405216775,1,2,False,0.7186983,0.18858713,0.092714585,0.7186983,True
2024-03-17,Reims,Metz,7.0,4.0,2324,2,1.1354357609681207,1.347384827756567,12.0,7.0,0.8117430061445752,1.2793434966714972,7.0,7.0,7,10,0.0,0.5714285714285714,7,0.3157894736842105,0.4736842105263157,0.1578947368421052,0.3236927548235455,-0.0680413310850698,5.0,0.0,0.8875143883735798,0.6024581763297348,2,2,True,0.47004777,0.25809345,0.27185875,0.47004777,False
2024-03-17,Rennes,Marseille,4.0,1.0,2324,2,1.777370678743902,1.139658145377478,21.0,7.0,2.0178338776345486,0.9280602656432962,16.0,7.0,5,3,0.2941176470588235,0.2352941176470588,17,0.2105263157894736,0.1052631578947368,-0.1052631578947368,-0.2404631988906465,-0.2115978797341818,5.0,0.0,1.915145755660486,1.770560659632017,2,2,True,0.5189158,0.39680186,0.08428235,0.5189158,False
2024-03-17,Montpellier,Paris SG,7.0,9.0,2324,0,1.360538057478174,1.5230942165530488,12.0,9.0,1.706619065505312,0.911586544119864,20.0,7.0,6,1,0.1176470588235294,0.1176470588235294,17,0.2631578947368421,0.0,-0.2631578947368421,-0.3460810080271379,-0.6115076724331848,-8.0,-2.0,1.4924946690517162,1.1204947448146725,0,0,True,0.063335456,0.094347775,0.84231675,0.84231675,False
2024-03-29,Lille,Lens,6.0,3.0,2324,2,1.6431785431213393,1.1566193170630832,15.0,12.0,1.489833194142972,1.2389218927804142,16.0,13.0,1,2,0.4285714285714285,0.2857142857142857,7,0.0,0.0526315789473684,0.0526315789473684,0.1533453489783673,0.082302575717331,-1.0,1.0,1.3262971238918733,1.288092955187705,2,2,True,0.6078119,0.2528831,0.13930501,0.6078119,False
2024-03-30,Metz,Monaco,7.0,7.0,2324,0,0.8841026988088807,1.4049431402831103,7.0,13.0,1.5672616440897889,1.3999286190372586,16.0,13.0,4,1,0.1,0.0,10,0.1578947368421052,0.0,-0.1578947368421052,-0.6831589452809081,-0.0050145212458518,-9.0,0.0,0.6315341273734976,1.115533859807287,0,0,True,0.32060832,0.29826012,0.38113162,0.38113162,False
2024-03-30,Lyon,Reims,3.0,5.0,2324,1,1.5969074477738625,1.301320707286478,21.0,15.0,1.3289601714288344,1.2591123517021474,15.0,13.0,2,3,0.25,0.4166666666666667,12,0.0526315789473684,0.1052631578947368,0.0526315789473684,0.2679472763450281,-0.0422083555843304,6.0,-2.0,1.2682803449708535,1.021239548396944,1,0,False,0.16988955,0.24527623,0.5848342,0.5848342,True
2024-03-31,Lorient,Brest,5.0,2.0,2324,0,1.422807606955742,1.6585533093144582,14.0,14.0,1.322050536346755,0.5292445409805326,19.0,14.0,9,10,0.5714285714285714,0.0,7,0.4210526315789473,0.4736842105263157,0.0526315789473684,0.100757070608987,-1.1293087683339256,-5.0,0.0,2.68837464873932,0.7971106680274315,0,2,False,0.5009435,0.3960801,0.10297646,0.5009435,True
2024-03-31,Clermont,Toulouse,5.0,5.0,2324,0,0.8879242090324669,1.950738369377906,9.0,14.0,1.5540558338885722,1.5461482312279282,15.0,16.0,11,8,0.6666666666666666,0.3333333333333333,3,0.5263157894736842,0.3684210526315789,-0.1578947368421052,-0.6661316248561052,-0.4045901381499777,-6.0,2.0,0.5742814247035619,0.7966500573750254,0,1,False,0.28330016,0.42260072,0.2940991,0.42260072,True
2024-03-31,Le Havre,Montpellier,3.0,5.0,2324,0,0.90381367552209,1.4756166524681935,8.0,14.0,1.4780182450091193,2.2919887545703213,9.0,14.0,12,5,0.0,1.0,1,0.5789473684210527,0.2105263157894736,-0.368421052631579,-0.5742045694870294,0.8163721021021277,-1.0,0.0,0.3943359991273289,1.001627517917278,0,1,False,0.17754786,0.4127284,0.40972376,0.4127284,True
2024-03-31,Nice,Nantes,3.0,4.0,2324,0,1.0968649462635425,1.1835174658095944,11.0,15.0,0.5128721994882024,1.551075003651203,7.0,15.0,3,6,0.4375,0.3125,16,0.1052631578947368,0.2631578947368421,0.1578947368421052,0.5839927467753399,0.3675575378416089,4.0,0.0,0.7071643496810543,0.4333456956103036,0,0,True,0.30161834,0.3034813,0.39490038,0.39490038,False
2024-03-31,Strasbourg,Rennes,7.0,0.0,2324,2,1.2408058608164,1.81259723704104,9.0,15.0,1.9067015974270376,1.02569233083973,23.0,14.0,7,4,0.25,0.1666666666666666,12,0.3157894736842105,0.1578947368421052,-0.1578947368421052,-0.6658957366106377,-0.7869049062013096,-14.0,-1.0,1.2097252007339834,1.0519168618725347,2,2,True,0.6332369,0.337234,0.029529158,0.6332369,False
2024-03-31,Marseille,Paris SG,10.0,3.0,2324,0,1.708982503313568,1.0887882323577294,13.0,14.0,2.403627125348596,1.0739618829866406,22.0,14.0,2,1,0.0625,0.1875,16,0.0526315789473684,0.0,-0.0526315789473684,-0.6946446220350277,-0.0148263493710887,-9.0,0.0,1.5912878570335875,2.2076167375024185,0,2,False,0.7139733,0.19116527,0.09486139,0.7139733,True
2024-04-05,Lille,Marseille,6.0,4.0,2324,2,1.7323946820879683,1.087423392078012,18.0,7.0,1.4845502597034486,1.2334434024007197,12.0,5.0,2,1,0.2941176470588235,0.2941176470588235,17,0.0526315789473684,0.0,-0.0526315789473684,0.2478444223845197,0.1460200103227078,6.0,-2.0,1.404518990264257,1.3651998573127502,2,2,True,0.3885164,0.2959538,0.31552976,0.3885164,False
2024-04-06,Lens,Le Havre,8.0,3.0,2324,1,1.4943838680074375,1.3150297035023728,16.0,8.0,0.813432307969881,1.5815889805001373,8.0,6.0,2,4,0.0,1.0,1,0.0526315789473684,0.1578947368421052,0.1052631578947368,0.6809515600375567,0.2665592769977645,8.0,-2.0,0.9448623418803012,0.6185657295827107,1,2,False,0.8127044,0.06682826,0.12046733,0.8127044,True
2024-04-06,Paris SG,Clermont,7.0,3.0,2324,1,2.309730419534973,0.9130317014092136,22.0,6.0,0.7455977948504573,2.0556645324401157,9.0,6.0,1,3,0.6,0.2,5,0.0,0.1052631578947368,0.1052631578947368,1.5641326246845155,1.1426328310309015,13.0,0.0,1.1235930683657205,0.8166176417529301,1,2,False,0.81542975,0.095394194,0.08917609,0.81542975,True
2024-04-07,Monaco,Rennes,5.0,7.0,2324,2,2.0711374595170997,1.5134697504122956,16.0,8.0,1.5554294578480454,1.1766570910345202,20.0,7.0,1,4,0.5,0.3125,16,0.0,0.1578947368421052,0.1578947368421052,0.5157080016690538,-0.3368126593777754,-4.0,-1.0,1.7601878026300333,1.0277241797692482,2,0,False,0.38393286,0.22340989,0.39265722,0.39265722,True
2024-04-07,Toulouse,Strasbourg,2.0,1.0,2324,1,1.8057182370572409,1.2844654215476092,18.0,7.0,1.3167252747347602,1.577803520058173,9.0,7.0,9,8,0.1111111111111111,0.3333333333333333,9,0.4210526315789473,0.3684210526315789,-0.0526315789473684,0.4889929623224807,0.2933380985105638,9.0,0.0,1.1444506328586874,1.0251153924784384,1,1,True,0.22687225,0.4855734,0.28755435,0.4855734,False
2024-04-07,Nantes,Lyon,6.0,10.0,2324,0,0.768652966096908,1.4959675032860833,10.0,7.0,1.5372167029964765,1.324722629836593,19.0,8.0,6,2,0.125,0.3125,16,0.2631578947368421,0.0526315789473684,-0.2105263157894736,-0.7685637368995685,-0.1712448734494902,-9.0,1.0,0.5802369105687601,1.0275735934235095,0,0,True,0.09553864,0.18387787,0.7205835,0.7205835,False
2024-04-07,Montpellier,Lorient,5.0,5.0,2324,2,1.5837504137869702,2.009255885834526,11.0,7.0,1.280526846260168,1.4320959985467236,14.0,7.0,5,10,0.6363636363636364,0.3636363636363636,11,0.2105263157894736,0.4736842105263157,0.2631578947368421,0.3032235675268022,-0.5771598872878025,-3.0,0.0,1.105896822136326,0.6373139704544465,2,1,False,0.31788188,0.4825162,0.19960195,0.4825162,True
2024-04-07,Reims,Nice,3.0,3.0,2324,1,1.2960641542859512,1.2867351098106958,13.0,8.0,1.033644458358425,1.3722337057861609,8.0,7.0,7,3,0.0769230769230769,0.6153846153846154,13,0.3157894736842105,0.1052631578947368,-0.2105263157894736,0.2624196959275262,0.085498595975465,5.0,-1.0,0.9444922893388836,0.8033078840216729,1,0,False,0.27047202,0.2942611,0.43526688,0.43526688,True
2024-04-07,Brest,Metz,10.0,6.0,2324,2,1.1292435028757906,0.4763200868824793,19.0,7.0,1.0492264222067555,1.8715168128123247,7.0,8.0,11,12,0.6666666666666666,0.0,6,0.5263157894736842,0.5789473684210527,0.0526315789473684,0.080017080669035,1.395196725929846,12.0,1.0,0.6033841080908475,2.2027759296777822,2,2,True,0.91904074,0.051983885,0.028975353,0.91904074,False
2024-04-12,Metz,Lens,5.0,2.0,2324,2,1.404905759822369,2.244967111367382,7.0,5.0,1.4984794744854568,1.2299927398733723,17.0,6.0,2,1,0.4,0.4,5,0.0526315789473684,0.0,-0.0526315789473684,-0.0935737146630877,-1.0149743714940094,-10.0,1.0,1.1422065466557174,0.66748393190168,2,1,False,0.32399076,0.55579966,0.12020963,0.55579966,True
2024-04-13,Strasbourg,Reims,6.0,2.0,2324,2,1.131518753982521,1.3664891747735928,9.0,6.0,1.0058557590210673,1.104527605550863,11.0,6.0,3,2,0.2727272727272727,0.3636363636363636,11,0.1052631578947368,0.0526315789473684,-0.0526315789473684,0.1256629949614538,-0.2619615692227297,-2.0,0.0,1.0244368255677927,0.7360876160528113,2,2,True,0.51916367,0.4213853,0.059451014,0.51916367,False
2024-04-13,Rennes,Toulouse,4.0,3.0,2324,0,1.2928185255057147,1.212525375209831,17.0,6.0,1.5716124200727537,1.1560188793928483,16.0,6.0,1,4,0.5384615384615384,0.3076923076923077,13,0.0,0.1578947368421052,0.1578947368421052,-0.2787938945670387,-0.0565064958169825,1.0,0.0,1.118336861578519,1.2961480660153453,0,1,False,0.3788619,0.4312297,0.18990842,0.4312297,True
2024-04-14,Le Havre,Nantes,1.0,4.0,2324,0,0.7250210906153669,1.5234300824501237,6.0,8.0,0.7917876694872173,1.6999047462362378,10.0,7.0,6,3,0.0,1.0,1,0.2631578947368421,0.1052631578947368,-0.1578947368421052,-0.0667665788718504,0.1764746637861143,-4.0,-1.0,0.4265068923541966,0.5197400777420582,0,0,True,0.04429774,0.20667928,0.74902296,0.74902296,False
2024-04-14,Clermont,Montpellier,2.0,6.0,2324,1,0.7175040220866487,1.950098079196104,7.0,8.0,1.7324433589657993,1.7012623106935478,14.0,7.0,5,2,0.2,0.4,5,0.2105263157894736,0.0526315789473684,-0.1578947368421052,-1.0149393368791506,-0.2488357685025561,-7.0,-1.0,0.4217480264957767,0.8883878085147239,1,0,False,0.063213475,0.42225608,0.5145304,0.5145304,True
2024-04-14,Lyon,Brest,8.0,7.0,2324,2,1.790563019254355,1.1851823802954078,22.0,7.0,1.5233871391457374,0.8892900580305203,19.0,7.0,1,4,0.25,0.5,8,0.0,0.1578947368421052,0.1578947368421052,0.2671758801086172,-0.2958923222648875,3.0,0.0,2.013474684761294,1.2853609406225155,2,2,True,0.51084083,0.2181956,0.27096358,0.51084083,False
2024-04-19,Nice,Lorient,10.0,4.0,2324,2,0.9302800125225826,1.127942348650019,9.0,12.0,1.1524741616341512,1.435352405413288,14.0,12.0,1,2,0.4545454545454545,0.4545454545454545,11,0.0,0.0526315789473684,0.0526315789473684,-0.2221941491115685,0.3074100567632689,-5.0,0.0,0.6481195900143579,1.0217491727422887,2,2,True,0.7887732,0.17222823,0.038998604,0.7887732,False
2024-04-20,Nantes,Rennes,4.0,5.0,2324,0,0.8661428958172586,1.5299142716126142,12.0,6.0,1.1564686863976172,1.2912728376888478,14.0,7.0,2,1,0.1176470588235294,0.2352941176470588,17,0.0526315789473684,0.0,-0.0526315789473684,-0.2903257905803587,-0.2386414339237663,-2.0,1.0,0.6707667586096697,0.7559042410779235,0,1,False,0.19119646,0.4064703,0.40233326,0.4064703,True
2024-04-20,Lens,Clermont,4.0,1.0,2324,2,1.3950975337581482,1.414061452443561,14.0,8.0,0.7457536198779837,1.8550882712764936,7.0,6.0,3,4,0.8,0.2,5,0.1052631578947368,0.1578947368421052,0.0526315789473684,0.6493439138801644,0.4410268188329325,7.0,-2.0,0.7520383559959527,0.5273841660765791,2,2,True,0.61944157,0.29693544,0.08362298,0.61944157,False
2024-04-21,Paris SG,Lyon,6.0,6.0,2324,2,2.125223384302713,0.9752625245470552,20.0,15.0,2.1185747038864453,1.366664142265867,25.0,7.0,1,3,0.6470588235294118,0.0588235294117647,17,0.0,0.1052631578947368,0.1052631578947368,0.0066486804162675,0.3914016177188117,-5.0,-8.0,1.5550443730668086,2.172312224208946,2,2,True,0.4683762,0.3484525,0.18317133,0.4683762,False
2024-04-21,Toulouse,Marseille,3.0,3.0,2324,1,1.7215191646230044,1.0868829981748007,19.0,8.0,1.4360952337331034,1.5171670487181734,11.0,16.0,9,4,0.0,0.3846153846153846,13,0.4210526315789473,0.1578947368421052,-0.2631578947368421,0.2854239308899009,0.4302840505433727,8.0,8.0,1.1346932205504228,1.321296989781544,1,0,False,0.1867693,0.2180459,0.5951848,0.5951848,True
2024-04-21,Brest,Monaco,2.0,3.0,2324,0,1.7245824185099263,1.307429038784994,18.0,7.0,1.964023713565389,1.201520795534777,19.0,14.0,10,2,0.25,0.0,8,0.4736842105263157,0.0526315789473684,-0.4210526315789473,-0.2394412950554627,-0.1059082432502169,-1.0,7.0,1.4353329754416304,1.502202915265347,0,0,True,0.23705158,0.25253478,0.51041365,0.51041365,False
2024-04-21,Reims,Montpellier,4.0,5.0,2324,0,1.0588041763977234,1.4546768248320656,10.0,8.0,1.712733016347982,1.6846700729029562,14.0,7.0,7,6,0.3333333333333333,0.3333333333333333,12,0.3157894736842105,0.2631578947368421,-0.0526315789473684,-0.6539288399502587,0.2299932480708906,-4.0,-1.0,0.6284934916504062,1.177397609634503,0,1,False,0.26830468,0.41685313,0.31484222,0.41685313,True
2024-04-21,Lille,Strasbourg,2.0,2.0,2324,2,1.859155213879172,1.1322150461489735,18.0,16.0,1.425434865141795,1.3298402572962336,11.0,8.0,5,8,0.6153846153846154,0.2307692307692307,13,0.2105263157894736,0.3684210526315789,0.1578947368421052,0.4337203487373766,0.1976252111472598,7.0,-8.0,1.39802897654724,1.258978910402362,2,1,False,0.22753187,0.5535995,0.21886866,0.5535995,True
2024-04-21,Le Havre,Metz,4.0,2.0,2324,0,0.4919170017175413,1.3640190876475853,5.0,7.0,1.5714831703976575,2.120470400230644,10.0,9.0,12,11,0.0,1.0,1,0.5789473684210527,0.5263157894736842,-0.0526315789473684,-1.0795661686801163,0.7564513125830581,-5.0,2.0,0.2319848471660041,1.1520976389764963,0,1,False,0.32722434,0.59693503,0.07584064,0.59693503,True
2024-04-24,Lorient,Paris SG,6.0,7.0,2324,0,0.8766247656344471,1.591817164871959,13.0,5.0,2.419769032429967,0.9242022788135866,22.0,3.0,6,1,0.1818181818181818,0.1818181818181818,11,0.2631578947368421,0.0,-0.2631578947368421,-1.5431442667955202,-0.6676148860583724,-9.0,-2.0,0.9485204545911576,1.5201300035136929,0,0,True,0.15500067,0.10369556,0.7413038,0.7413038,False
2024-04-24,Marseille,Nice,4.0,4.0,2324,1,1.4924857103597933,1.5654503438463565,11.0,3.0,1.2443199978278503,1.0151481137850171,9.0,5.0,3,5,0.5625,0.125,16,0.1052631578947368,0.2105263157894736,0.1052631578947368,0.2481657125319429,-0.5503022300613392,2.0,2.0,1.4702147303362514,0.7948639206086349,1,1,True,0.35575822,0.44616464,0.19807713,0.44616464,False
2024-04-24,Monaco,Lille,7.0,4.0,2324,2,1.9676213422088504,0.9743007294237735,21.0,3.0,1.8267736857700168,1.0189935415340765,20.0,3.0,2,4,0.4375,0.3125,16,0.0526315789473684,0.1578947368421052,0.1052631578947368,0.1408476564388332,0.0446928121103027,1.0,0.0,1.930945842155812,1.8749587582166936,2,2,True,0.63822937,0.28035095,0.081419654,0.63822937,False
2024-04-26,Montpellier,Nantes,1.0,5.0,2324,1,1.794993707991947,1.5626690723338974,17.0,5.0,0.7795286062355328,1.7839908310088786,12.0,6.0,1,2,0.375,0.125,16,0.0,0.0526315789473684,0.0526315789473684,1.0154651017564142,0.2213217586749811,5.0,1.0,1.0061675636398009,0.4988443298946726,1,0,False,0.080254614,0.3314819,0.5882635,0.5882635,True
2024-04-27,Paris SG,Le Havre,4.0,4.0,2324,1,2.6848601157444967,0.931782050932228,22.0,3.0,0.3891913082670242,1.3276171788828266,4.0,6.0,1,2,1.0,0.0,1,0.0,0.0526315789473684,0.0526315789473684,2.2956688074774725,0.3958351279505986,18.0,3.0,2.022314985411513,0.4176849166365103,1,2,False,0.6190786,0.2770418,0.10387966,0.6190786,True
2024-04-28,Lyon,Monaco,4.0,5.0,2324,2,2.0067172334978003,1.844133701154332,22.0,7.0,1.870859207987965,0.8233366632026333,23.0,4.0,2,1,0.625,0.0625,16,0.0526315789473684,0.0,-0.0526315789473684,0.1358580255098351,-1.0207970379516988,-1.0,-3.0,2.4372985234157154,1.0144921741937172,2,1,False,0.14010663,0.5820742,0.2778191,0.5820742,True
2024-04-28,Rennes,Brest,7.0,5.0,2324,0,1.3943558110366183,1.1086115606412,14.0,8.0,1.5521241766589338,1.4837541214640206,17.0,7.0,6,12,0.5555555555555556,0.4444444444444444,9,0.2631578947368421,0.5789473684210527,0.3157894736842105,-0.1577683656223152,0.3751425608228205,-3.0,-1.0,0.9397485680853964,1.400061330554062,0,2,False,0.57915926,0.28692836,0.13391231,0.57915926,True
2024-04-28,Lorient,Toulouse,5.0,5.0,2324,0,0.8354282957922394,1.993237428221052,10.0,4.0,1.6958332548819408,1.1781946983573206,17.0,7.0,11,9,0.1428571428571428,0.5714285714285714,7,0.5263157894736842,0.4210526315789473,-0.1052631578947368,-0.8604049590897014,-0.8150427298637315,-7.0,3.0,0.7090749066830992,0.8507934031699665,0,1,False,0.2833494,0.36322418,0.35342643,0.36322418,True
2024-04-28,Strasbourg,Nice,5.0,4.0,2324,0,1.2293573853488524,1.2433222382878473,11.0,7.0,1.4269559846025912,1.2207012889640412,9.0,4.0,8,5,0.5,0.25,12,0.3684210526315789,0.2105263157894736,-0.1578947368421052,-0.1975985992537388,-0.022620949323806,2.0,-3.0,1.007091084824001,1.1476960201143205,0,1,False,0.33639398,0.45940658,0.20419943,0.45940658,True
2024-04-28,Metz,Lille,2.0,4.0,2324,0,1.514334853357892,1.8013553736500534,13.0,7.0,1.4299603440779638,1.0706281806594315,17.0,4.0,13,4,0.2,0.3,10,0.631578947368421,0.1578947368421052,-0.4736842105263157,0.0843745092799281,-0.7307271929906218,-4.0,-3.0,1.4144358244196116,0.7938246750170463,0,1,False,0.21639982,0.45010188,0.33349836,0.45010188,True
2024-04-28,Clermont,Reims,6.0,3.0,2324,2,0.6711782578901854,1.6089774643125554,7.0,8.0,0.9993897654791882,1.455675149070096,10.0,7.0,14,7,0.4,0.2,5,0.6842105263157895,0.3157894736842105,-0.368421052631579,-0.3282115075890028,-0.1533023152424595,-3.0,-1.0,0.4610769499767463,0.6211334761647411,2,2,True,0.54149354,0.19267844,0.26582798,0.54149354,False
2024-04-28,Marseille,Lens,6.0,5.0,2324,2,1.6503051258813397,1.6624393027404831,12.0,4.0,1.3555877803823335,1.2726553071992053,14.0,8.0,3,10,0.1428571428571428,0.1428571428571428,7,0.1052631578947368,0.4736842105263157,0.3684210526315789,0.2947173454990062,-0.389783995541278,-2.0,4.0,1.2967416365969875,0.8154209168104279,2,2,True,0.53421813,0.17881237,0.2869695,0.53421813,False
2024-05-03,Toulouse,Montpellier,5.0,3.0,2324,0,1.7797839226725096,1.1068412352428256,20.0,5.0,1.7154943371927522,1.452868171821745,18.0,7.0,2,1,0.4166666666666667,0.0833333333333333,12,0.0526315789473684,0.0,-0.0526315789473684,0.0642895854797573,0.3460269365789195,2.0,2.0,1.2250140495822457,1.54990099986327,0,2,False,0.6429667,0.21293554,0.14409779,0.6429667,True
2024-05-03,Lens,Lorient,6.0,5.0,2324,2,1.2129610157865742,1.3989237697580477,11.0,5.0,0.7983514729342527,2.1009816719564727,7.0,5.0,3,4,0.5714285714285714,0.2857142857142857,7,0.1052631578947368,0.1578947368421052,0.0526315789473684,0.4146095428523215,0.702057902198425,4.0,0.0,0.5773306031066148,0.5706897617961931,2,2,True,0.44864568,0.29041156,0.26094276,0.44864568,False
2024-05-04,Le Havre,Strasbourg,7.0,3.0,2324,2,0.8108741572766107,1.6019234475520698,5.0,7.0,1.206421646813967,1.4189900144590624,11.0,6.0,8,4,0.0,0.0,1,0.3684210526315789,0.1578947368421052,-0.2105263157894736,-0.3955474895373563,-0.1829334330930074,-6.0,-1.0,0.5714445831288859,0.7531081767093947,2,2,True,0.53579867,0.20892882,0.25527248,0.53579867,False
2024-05-04,Monaco,Clermont,8.0,1.0,2324,2,1.8302392939104055,1.0945369901611328,20.0,6.0,1.1646624119374556,1.5480797178812995,9.0,6.0,1,7,0.8,0.2,5,0.0,0.3157894736842105,0.3157894736842105,0.6655768819729502,0.4535427277201667,11.0,0.0,1.1822642418022695,1.0640685718314546,2,2,True,0.87191194,0.09035862,0.03772949,0.87191194,False
2024-05-04,Metz,Rennes,4.0,9.0,2324,0,1.462901368022103,1.874753829563811,12.0,6.0,1.8155222097692456,1.7654203709708949,11.0,6.0,6,2,0.1,0.2,10,0.2631578947368421,0.0526315789473684,-0.2105263157894736,-0.3526208417471426,-0.1093334585929164,1.0,0.0,0.8286419439113977,0.968405654726228,0,0,True,0.109035395,0.20107754,0.68988705,0.68988705,False
2024-05-04,Brest,Nantes,2.0,1.0,2324,1,2.1110477321080925,1.8959806891539075,19.0,6.0,0.7480417523332166,1.7055917479079907,10.0,8.0,5,3,0.25,0.25,8,0.2105263157894736,0.1052631578947368,-0.1052631578947368,1.363005979774876,-0.1903889412459165,9.0,2.0,1.237721591170582,0.3945408076213237,1,1,True,0.34473404,0.45774883,0.1975171,0.45774883,False
2024-05-06,Lille,Lyon,5.0,7.0,2324,0,1.54049830294893,0.9564973760359624,20.0,8.0,2.1595795034267837,1.9132543243176616,22.0,8.0,2,1,0.4705882352941176,0.4117647058823529,17,0.0526315789473684,0.0,-0.0526315789473684,-0.6190812004778532,0.9567569482816992,-2.0,0.0,0.8051717345514584,2.257799715433393,0,2,False,0.43249342,0.1658719,0.4016347,0.43249342,True
2024-05-10,Nice,Le Havre,6.0,3.0,2324,2,1.637794379421095,1.0915631735101112,12.0,12.0,1.1903887213852384,1.4346631162393368,8.0,6.0,1,4,0.0,0.0,1,0.0,0.1578947368421052,0.1578947368421052,0.4474056580358565,0.3430999427292256,4.0,-6.0,1.1415881267751715,1.0905358024834573,2,2,True,0.52084935,0.30677044,0.17238021,0.52084935,False
2024-05-10,Brest,Reims,5.0,2.0,2324,1,1.84640896561852,1.7063826202385168,17.0,6.0,1.0529847822100324,1.817175620720612,10.0,12.0,3,2,0.3333333333333333,0.4444444444444444,9,0.1052631578947368,0.0526315789473684,-0.0526315789473684,0.7934241834084874,0.1107930004820954,7.0,6.0,1.016087242512265,0.617085974576351,1,2,False,0.7021852,0.21218772,0.085627064,0.7021852,True
2024-05-12,Clermont,Lyon,5.0,2.0,2324,0,1.14819617074371,1.8468057393719328,9.0,8.0,2.5042235329203946,2.1825308717221845,22.0,6.0,14,3,0.6,0.2,5,0.6842105263157895,0.1052631578947368,-0.5789473684210527,-1.3560273621766843,0.3357251323502519,-13.0,-2.0,0.5260847329218739,1.3559756067100153,0,2,False,0.51669925,0.18537876,0.29792202,0.51669925,True
2024-05-12,Marseille,Lorient,4.0,3.0,2324,2,1.7388086065719686,1.5961953724664353,14.0,14.0,0.5579143458045384,2.144417498039589,4.0,9.0,4,12,0.7272727272727273,0.2727272727272727,11,0.1578947368421052,0.5789473684210527,0.4210526315789474,1.1808942607674302,0.5482221255731536,10.0,-5.0,0.8108535805931331,0.3495276050966437,2,2,True,0.6979376,0.1866514,0.11541095,0.6979376,False
2024-05-12,Montpellier,Monaco,3.0,9.0,2324,0,1.6904109101947142,1.4611153479183332,18.0,9.0,2.207817344355654,1.0315492978662566,23.0,8.0,7,2,0.2352941176470588,0.2352941176470588,17,0.3157894736842105,0.0526315789473684,-0.2631578947368421,-0.5174064341609399,-0.4295660500520766,-5.0,-1.0,1.638710737035353,1.5110493141428945,0,0,True,0.054663613,0.06461239,0.880724,0.880724,False
2024-05-12,Nantes,Lille,5.0,3.0,2324,0,0.6732375770998947,1.4279645865596655,11.0,8.0,1.6864484726540372,1.474983611547418,17.0,6.0,8,5,0.0588235294117647,0.2352941176470588,17,0.3684210526315789,0.2105263157894736,-0.1578947368421052,-1.0132108955541423,0.0470190249877522,-6.0,-2.0,0.4564373270517869,1.181015613781519,0,2,False,0.43164438,0.31606916,0.25228646,0.43164438,True
2024-05-12,Paris SG,Toulouse,3.0,5.0,2324,0,2.7163741041700464,1.2456718323965312,20.0,15.0,1.6482715371264958,1.249691104997306,17.0,9.0,1,10,0.75,0.1666666666666666,12,0.0,0.4736842105263157,0.4736842105263157,1.0681025670435509,0.0040192726007748,3.0,-6.0,2.1736364236791954,1.323198850820451,0,1,False,0.33965808,0.3580046,0.3023373,0.3580046,True
2024-05-12,Rennes,Lens,6.0,4.0,2324,1,1.933969988792321,1.8424123271525683,11.0,8.0,1.34519890748668,1.20549739950348,13.0,9.0,6,11,0.0,0.4285714285714285,7,0.2631578947368421,0.5263157894736842,0.2631578947368421,0.588771081305641,-0.6369149276490886,-2.0,1.0,1.6042921283686586,0.73012912889357,1,2,False,0.40169993,0.38816738,0.21013264,0.40169993,True
2024-05-12,Strasbourg,Metz,2.0,2.0,2324,2,1.185779482132571,1.577091013013156,11.0,8.0,1.6236792177774184,1.98727844660743,12.0,8.0,9,13,0.4444444444444444,0.3333333333333333,9,0.4210526315789473,0.631578947368421,0.2105263157894736,-0.4378997356448477,0.4101874335942739,-1.0,0.0,0.5966851218845888,1.0295405936498565,2,1,False,0.19464435,0.5735949,0.2317607,0.5735949,True
2024-05-15,Nice,Paris SG,4.0,4.0,2324,0,1.6275489347577483,0.9288728628803372,15.0,5.0,2.491202700474279,1.581706628993167,17.0,3.0,3,1,0.1875,0.1875,16,0.1052631578947368,0.0,-0.1052631578947368,-0.8636537657165306,0.6528337661128297,-2.0,-2.0,1.028982811935082,2.681963054394033,0,1,False,0.32308796,0.35258234,0.3243297,0.35258234,True
2024-05-15,Reims,Marseille,3.0,3.0,2324,2,1.0476863039890292,1.735458058648551,10.0,5.0,2.0255297257510607,1.5365758352197918,17.0,3.0,4,2,0.25,0.25,12,0.1578947368421052,0.0526315789473684,-0.1052631578947368,-0.9778434217620317,-0.1988822234287592,-7.0,-2.0,0.6818318237050554,1.1671441528978213,2,2,True,0.4451677,0.3510808,0.20375152,0.4451677,False
2024-05-19,Monaco,Nantes,6.0,3.0,2324,2,2.133501616641325,0.821326381522105,23.0,7.0,0.7059138193899053,1.592236114461225,8.0,7.0,2,9,0.625,0.3125,16,0.0526315789473684,0.4210526315789473,0.3684210526315789,1.4275877972514202,0.7709097329391199,15.0,0.0,1.3399404757021556,0.859480269076084,2,2,True,0.74427015,0.13750327,0.11822653,0.74427015,False
2024-05-19,Metz,Paris SG,2.0,8.0,2324,0,1.5613112959996769,1.9885506019466863,12.0,7.0,2.495616423705614,1.52353596609385,19.0,4.0,16,1,0.0,0.0,10,0.7894736842105263,0.0,-0.7894736842105263,-0.9343051277059372,-0.4650146358528366,-7.0,-3.0,1.0247945114171988,1.2549926671529188,0,0,True,0.052298028,0.053214572,0.8944874,0.8944874,False
2024-05-19,Lyon,Strasbourg,6.0,4.0,2324,2,2.300267186349592,1.910743791271203,22.0,7.0,1.3742695204768394,1.4123139251543144,14.0,7.0,3,11,0.5384615384615384,0.2307692307692307,13,0.1052631578947368,0.5263157894736842,0.4210526315789473,0.9259976658727522,-0.4984298661168886,8.0,0.0,1.6287223013100691,0.7192327546764125,2,2,True,0.7174381,0.18520042,0.09736149,0.7174381,False
2024-05-19,Reims,Rennes,4.0,5.0,2324,2,0.9893836803113631,1.508378259504933,10.0,4.0,1.840572989913089,1.758171094437312,11.0,7.0,10,7,0.4615384615384615,0.2307692307692307,13,0.4736842105263157,0.3157894736842105,-0.1578947368421052,-0.8511893096017257,0.2497928349323788,-1.0,3.0,0.5627345845018612,1.2202330405618456,2,0,False,0.28151572,0.3493913,0.36909297,0.36909297,True
2024-05-19,Lille,Nice,3.0,4.0,2324,1,1.7713376186673966,1.3204172638351503,20.0,7.0,1.6183280345607365,1.1430535631498293,14.0,4.0,5,6,0.1875,0.4375,16,0.2105263157894736,0.2631578947368421,0.0526315789473684,0.1530095841066601,-0.177363700685321,6.0,-3.0,1.5496540807643788,1.2256186577417996,1,2,False,0.37579703,0.32102555,0.30317745,0.37579703,True
2024-05-19,Le Havre,Marseille,6.0,7.0,2324,0,1.0178158559679518,1.3376628113366404,8.0,9.0,1.608840780060903,1.4829182516978126,14.0,4.0,18,4,0.0,0.0,1,0.8947368421052632,0.1578947368421052,-0.736842105263158,-0.5910249240929513,0.1452554403611721,-6.0,-5.0,0.6863600571391181,1.2027252058037643,0,0,True,0.21880452,0.23630807,0.5448874,0.5448874,False
2024-05-19,Lens,Montpellier,13.0,2.0,2324,1,1.257145023459249,1.077879672995606,14.0,7.0,1.46783582589648,1.407935826568974,18.0,7.0,13,8,0.4285714285714285,0.2857142857142857,7,0.631578947368421,0.3684210526315789,-0.2631578947368421,-0.2106908024372309,0.3300561535733681,-4.0,0.0,0.8928993777527559,1.36178078376515,1,2,False,0.6542635,0.2911044,0.054632094,0.6542635,True
2024-05-19,Lorient,Clermont,10.0,4.0,2324,2,0.6556569045028475,2.337043734793156,4.0,7.0,1.0333765536693391,1.8156591587135025,8.0,7.0,14,17,0.4,0.2,5,0.6842105263157895,0.8421052631578947,0.1578947368421052,-0.3777196491664916,-0.5213845760796538,-4.0,0.0,0.3611123273640289,0.4421725354492777,2,2,True,0.82065296,0.09521724,0.084129736,0.82065296,False
2024-05-19,Toulouse,Brest,2.0,6.0,2324,0,1.783444383413846,1.2247219944975754,17.0,7.0,1.6547000824991422,1.689278351493428,15.0,9.0,12,15,0.0,0.6,5,0.5789473684210527,0.7368421052631579,0.1578947368421052,0.1287443009147038,0.4645563569958526,2.0,2.0,1.0557433485352898,1.3510821965583784,0,0,True,0.097067654,0.34417197,0.55876034,0.55876034,False
